,M31303_rna1_at,X03663_at,S83362_s_at,U68142_at,M83308_at,M20137_at,M75099_at,U47621_at,U31382_at,J05500_at,D55716_at,U78551_at,M84349_at,X14813_at,D63506_at,S82024_at,U30521_at,M34057_at,U91930_at,D87023_cds2_at,X14329_at,U17760_rna1_at,X52425_at,U79294_at,U79254_at,U90552_s_at,L11931_at,HG3514-HT3708_at,M37457_at,Z97074_at,X75861_at,D79996_at,L08895_at,X04106_at,L42354_at,M80629_at,X15187_at,U51336_at,L36818_at,HG3286-HT3463_at,L18960_at,U47101_at,D42041_at,M16447_at,HG4490-HT4876_f_at,D85815_at,X60188_at,L37792_at,J04543_at,U65410_at,Z56281_at,U06155_at,D14043_at,L05628_s_at,U27193_at,X78706_at,U90916_at,L42572_at,X03066_at,V01515_cds1_at,U18271_cds3_s_at,D31766_at,HG613-HT613_at,U52155_at,D45248_at,U79267_at,X68090_s_at,U79262_at,X73358_s_at,U96131_at,D50310_at,L23333_s_at,D50405_at,D80004_at,L36463_at,L43338_at,Z19554_s_at,Y07604_at,S78296_at,D31767_at,U46692_rna1_at,U01923_at,M59488_at,D87470_at,U61145_at,U09087_s_at,D13631_s_at,X61587_at,D17716_at,U48705_rna1_s_at,M63838_s_at,D31890_at,X07730_at,X70683_at,U19878_at,AJ001421_at,X99720_rna1_at,X57959_at,Z29064_at,M23161_at,X76105_at,D00763_at,U70321_at,U49973_xpt2_at,U79248_at,U32331_at,X54304_at,M93426_at,M93119_at,L37043_at,U16954_at,Z69915_at,X65784_s_at,J03191_at,U44378_at,S79873_s_at,HG1612-HT1612_at,U24266_at,D83174_s_at,M69066_at,M34338_s_at,U33818_at,U07550_at,HG881-HT881_at,D29675_s_at,V00599_s_at,X03363_s_at,U32114_at,X52011_at,D25304_at,L06132_at,D78012_at,HG1804-HT1829_at,X84195_at,M19645_at,HG1595-HT4788_s_at,X63469_at,X96401_at,U52828_s_at,D14662_at,M94151_at,U83463_at,L25270_at,M57464_s_at,L34355_at,U66879_at,L41351_at,M96954_s_at,D79997_at,X00371_rna1_at,class
1,724,29,69,126,198,117,96,68,332,93,521,94,125,78,56,42,1274,115,255,67,95,54,177,99,354,110,236,273,201,51,208,242,43,370,98,105,523,492,105,55,309,147,178,89,55,175,27,197,56,189,40,59,165,121,74,31,51,169,93,29,65,212,1117,20,141,124,50,179,479,58,989,412,62,592,236,37,1086,193,361,260,151,302,20,84,133,75,21,79,116,188,20,332,112,757,149,79,143,1227,82,137,164,491,22,58,47,46,123,20,628,953,931,160,166,338,178,132,886,30,189,217,186,147,390,25,107,1883,20,20,49,270,437,688,120,58,179,421,59,20,393,243,33,229,22,293,62,83,73,196,43,29,MED
2,579,56,66,136,180,75,139,33,165,83,276,75,157,88,78,741,1308,96,321,68,119,41,193,150,315,124,206,231,353,66,343,285,47,388,88,94,478,419,60,49,463,169,103,88,99,155,45,186,65,156,44,52,166,130,243,28,20,169,89,23,61,145,778,20,84,74,40,192,433,42,1120,280,64,317,223,38,1190,80,494,290,207,249,46,151,86,59,54,69,117,131,20,291,88,537,166,104,157,896,82,148,62,350,20,74,60,146,123,81,760,908,845,172,205,198,204,129,621,41,152,272,109,96,302,25,47,1441,29,20,31,250,419,647,105,82,241,257,64,39,546,228,62,240,21,192,64,20,53,215,38,20,MED
3,608,20,63,233,157,68,184,20,183,78,334,46,232,85,44,923,1393,105,355,63,105,39,175,86,318,47,222,415,600,66,394,324,20,482,91,81,423,238,25,52,394,194,182,106,76,155,95,190,46,133,20,41,100,121,331,20,20,142,88,25,59,159,550,20,201,110,32,215,799,42,1232,192,33,387,210,38,965,143,315,415,197,309,29,166,140,62,20,57,99,156,20,272,92,940,163,98,208,804,41,129,80,378,31,71,66,62,125,85,596,680,1107,184,238,197,179,198,1040,61,95,109,143,77,272,48,36,1474,28,20,39,140,325,558,116,60,235,313,26,104,444,185,20,145,22,73,61,51,62,163,20,20,MED
4,619,20,64,137,146,101,181,46,152,75,389,99,129,90,63,902,1075,84,306,61,98,20,191,113,325,94,219,335,317,46,282,281,45,497,76,89,564,268,55,38,427,146,249,78,58,136,109,151,47,236,43,63,117,100,141,56,54,220,84,21,79,194,585,24,143,161,39,187,588,53,1132,193,75,312,208,34,1225,199,430,329,262,232,32,106,164,88,31,69,84,198,20,330,75,683,96,94,185,796,104,116,183,476,55,43,53,23,176,40,825,948,1187,164,197,365,227,164,931,42,208,497,273,115,378,30,76,1872,22,36,33,167,474,750,112,56,241,437,72,66,431,238,68,271,21,111,64,98,58,130,103,28,MED
5,676,20,71,258,146,83,113,20,105,78,492,130,170,91,39,147,1284,150,311,68,106,46,185,114,345,65,269,341,640,78,311,238,20,351,93,95,368,214,40,41,322,168,200,75,70,155,83,211,44,178,20,58,142,112,207,93,20,158,77,20,57,188,522,41,177,155,20,263,939,37,1030,155,49,370,231,29,587,109,245,313,133,260,36,88,320,65,20,66,112,193,20,193,85,1571,153,70,140,444,32,98,82,326,75,65,61,28,124,205,536,622,969,157,206,195,169,143,915,88,124,85,124,77,191,31,42,1391,24,20,42,141,517,507,124,54,230,219,20,132,221,173,20,92,25,32,66,46,59,113,45,33,MED
6,651,20,68,249,173,24,139,20,146,83,273,101,153,80,61,1493,1341,71,375,70,122,53,211,87,335,101,216,432,419,61,353,295,25,478,97,185,458,200,34,45,329,244,191,102,58,134,131,120,62,197,20,71,100,117,74,96,20,127,86,22,72,195,478,34,174,101,25,233,790,38,814,178,30,278,237,26,379,109,304,393,148,319,40,169,156,84,20,58,114,171,20,262,103,1662,258,123,168,720,51,155,208,337,22,71,62,30,145,71,471,715,1172,158,215,73,163,199,1071,36,96,106,187,94,245,46,46,1572,33,20,36,120,366,599,110,74,200,174,52,104,299,138,33,226,21,38,71,30,62,123,33,41,MED
7,751,20,76,192,190,99,114,20,143,90,308,88,121,103,95,703,1222,280,333,79,120,57,213,158,280,72,211,416,773,81,284,224,20,253,114,116,502,252,61,39,297,191,128,52,86,143,86,260,74,132,20,63,27,158,155,20,20,256,103,35,68,168,577,20,199,65,21,252,658,40,703,192,143,281,252,40,302,65,414,321,242,259,20,83,139,67,20,42,67,142,20,284,104,775,89,68,202,676,62,199,54,311,20,78,50,20,95,97,165,336,1010,186,206,64,156,130,748,61,97,64,182,116,423,64,25,1337,25,20,47,110,359,438,131,41,231,118,23,131,366,279,20,135,26,52,56,20,72,114,32,22,MED
8,243,46,86,130,330,143,41,20,101,75,426,102,48,106,31,413,849,134,143,61,156,114,575,128,35,54,382,84,88,33,117,23,20,363,127,172,212,228,32,64,89,27,118,20,93,337,20,190,20,68,20,20,61,187,75,20,23,57,115,50,88,85,193,37,42,37,27,173,458,53,1034,173,58,197,259,81,1158,189,250,20,120,26,33,44,181,105,20,50,268,67,20,216,201,905,167,37,28,353,51,31,20,151,88,93,47,22,45,20,396,720,588,184,85,130,132,42,681,20,275,122,37,47,20,47,84,2605,20,20,87,77,137,683,177,59,20,112,20,187,75,52,20,106,53,161,71,20,76,51,20,39,MED
9,927,91,75,206,418,93,65,20,61,106,217,32,196,37,68,377,1414,117,289,46,107,115,458,141,86,41,445,303,150,73,450,76,24,445,132,129,289,199,20,49,85,90,104,30,115,377,20,183,22,83,20,20,49,192,122,20,22,33,89,43,51,52,157,20,27,61,20,200,1021,37,1321,146,46,199,149,55,1639,116,297,160,118,45,73,86,223,66,20,42,136,167,20,226,233,2421,179,22,30,152,55,33,20,65,30,85,54,33,92,22,192,373,928,124,118,96,169,37,1242,34,290,127,76,68,61,52,71,1964,20,21,64,56,213,1126,167,64,87,49,20,341,127,52,33,199,30,108,47,20,83,56,26,42,MED
10,927,20,115,74,427,165,76,20,110,96,299,91,86,141,51,420,348,68,195,53,105,101,572,124,32,31,270,212,58,39,118,45,20,444,129,124,294,277,31,67,54,24,116,35,25,344,20,114,20,53,20,22,24,209,28,20,20,41,123,51,57,84,331,23,21,34,31,154,496,43,716,233,68,291,271,51,2225,446,96,146,203,38,70,35,277,64,20,32,243,41,20,288,213,454,64,104,34,413,44,20,20,171,57,63,32,34,20,28,213,768,469,159,72,269,103,35,831,20,320,117,103,92,20,41,62,2363,20,20,68,109,191,611,183,48,112,177,20,20,129,113,20,118,41,315,54,20,69,67,91,41,MED
11,606,20,92,255,523,121,67,20,23,105,214,20,121,20,28,875,353,57,155,26,97,126,701,77,83,23,293,129,140,36,93,20,20,339,143,98,212,173,20,40,59,33,76,34,46,333,20,157,20,27,20,20,20,248,83,20,20,30,98,45,74,20,334,20,20,20,20,170,537,35,745,121,70,68,236,57,1077,381,157,86,50,20,20,20,73,35,20,20,200,22,20,98,237,794,71,20,34,440,20,20,20,68,25,40,38,20,35,40,169,295,579,56,21,20,64,20,294,24,172,101,20,38,97,49,40,1590,20,20,72,76,181,201,164,61,66,27,20,60,35,143,20,93,46,331,38,20,81,36,20,44,MED
12,871,20,138,174,355,149,56,20,83,86,370,160,42,106,26,1166,1080,137,239,116,130,124,507,88,85,20,330,190,363,47,157,62,20,439,129,113,133,240,20,50,137,55,94,44,107,334,20,135,20,111,20,20,20,167,150,48,20,54,91,46,79,68,199,30,87,44,20,299,1132,30,956,165,52,320,287,69,224,152,244,115,147,41,50,70,280,61,20,40,170,62,20,205,198,1448,180,23,45,251,20,28,20,93,102,70,21,20,37,25,536,608,1237,154,169,133,61,37,1191,40,147,60,98,65,20,55,45,2064,20,20,90,26,147,572,166,117,77,63,20,227,86,57,20,56,20,57,70,20,90,40,20,53,MED
13,1066,20,104,122,363,102,70,20,160,71,714,65,113,37,33,879,878,74,109,58,71,91,418,134,67,20,314,137,211,55,82,49,20,556,87,144,234,254,20,50,137,20,90,45,143,260,20,239,20,66,20,20,42,118,237,20,20,30,45,24,75,108,267,20,90,57,20,298,715,36,984,87,42,314,197,27,391,532,401,114,20,31,71,41,280,55,20,20,145,20,20,240,156,1800,113,20,47,288,20,26,33,68,67,107,39,20,53,84,459,271,812,127,98,90,141,26,1156,20,127,40,87,91,124,34,20,1572,20,20,51,20,250,531,126,43,59,118,20,105,70,37,20,92,42,131,44,20,59,55,28,32,MED
14,568,20,59,264,349,105,197,20,105,100,339,20,125,20,30,882,676,99,130,27,70,103,477,183,94,20,265,210,212,46,303,21,20,333,142,130,274,207,20,39,159,53,132,24,36,304,20,250,22,20,20,20,41,116,227,40,20,31,87,39,71,73,233,26,42,45,20,261,1283,20,1307,67,56,157,225,64,157,242,202,183,161,45,57,20,143,68,20,20,199,20,20,146,147,1383,93,30,23,342,20,23,20,63,56,130,50,21,20,35,128,287,649,85,32,135,178,41,861,24,148,27,30,43,119,36,20,1581,20,38,64,27,154,172,143,46,110,70,20,143,98,98,20,64,46,123,50,20,78,45,20,64,MED
15,466,20,73,271,261,123,195,20,24,81,159,50,223,126,54,43,362,181,389,38,79,68,302,170,273,38,161,338,26,51,622,79,20,1009,93,99,444,207,109,38,179,83,195,32,77,292,20,93,39,103,92,29,48,174,34,20,20,63,88,32,61,170,311,20,201,61,20,131,305,37,571,115,110,55,194,34,3653,338,123,20,517,86,194,51,93,83,20,74,104,271,20,404,84,358,96,126,52,511,68,62,86,156,24,60,27,26,344,30,20,70,70,64,217,878,117,77,315,75,893,295,194,136,293,32,20,2262,70,25,43,62,286,138,124,79,292,269,39,55,45,132,20,143,32,231,47,85,67,115,59,46,MED
16,746,20,68,240,265,160,23,20,164,87,386,61,82,87,41,1149,1073,82,229,33,86,49,382,111,156,73,323,227,142,41,302,72,20,398,86,188,447,302,30,36,233,23,165,42,46,254,20,154,20,58,20,20,49,121,161,24,20,56,84,22,82,136,982,20,39,85,23,215,616,48,2082,136,80,307,181,46,1334,426,580,79,67,61,20,55,166,90,20,32,143,98,20,330,140,936,126,75,82,662,104,37,50,132,46,124,59,20,57,20,701,750,1032,396,88,223,226,77,741,20,165,177,125,200,143,44,44,3008,20,20,50,87,205,792,150,40,65,217,27,20,243,112,20,239,31,277,45,20,69,85,39,38,MED
17,472,41,108,171,205,112,108,20,173,100,233,131,216,78,64,124,851,122,224,87,156,65,313,137,187,109,256,324,186,25,254,147,81,426,110,84,581,462,95,66,238,105,198,38,111,224,31,132,42,119,20,43,219,188,44,20,20,118,129,35,74,146,412,20,109,70,37,142,334,51,838,215,109,321,271,41,1733,151,147,241,287,183,40,70,52,87,34,94,168,138,30,285,150,532,112,145,101,712,89,99,84,263,97,52,43,22,180,20,686,609,880,167,97,365,153,112,930,20,475,572,90,93,214,53,81,1505,23,47,54,212,299,420,144,45,243,263,20,96,200,196,20,287,25,176,81,20,77,64,53,39,MED
18,581,44,105,86,180,86,73,20,245,82,389,131,111,59,42,614,1003,126,252,93,114,57,259,100,187,66,240,213,323,45,272,137,20,472,92,88,239,446,48,48,245,79,170,47,70,190,25,228,34,129,36,36,135,166,76,27,20,144,107,36,64,155,502,33,82,62,34,171,574,46,1132,271,55,322,256,43,1067,154,462,144,252,118,33,55,80,69,20,78,150,121,20,316,117,512,160,95,92,715,75,69,82,245,92,46,56,20,78,22,923,1041,984,185,152,367,191,94,819,20,207,297,131,76,194,39,87,1341,20,20,49,197,412,520,128,62,94,294,25,72,198,151,20,151,26,186,78,20,63,99,93,37,MED
19,604,20,93,236,190,121,156,20,151,81,372,126,139,80,46,788,1137,210,235,76,139,52,328,131,263,41,226,253,769,57,274,81,20,334,108,97,497,262,54,50,279,84,200,57,71,197,38,353,28,92,20,32,89,150,234,20,20,107,116,38,67,136,371,32,114,51,20,185,1046,46,1434,147,86,235,273,33,348,177,329,145,207,185,45,76,119,104,20,65,180,51,20,172,104,840,101,102,116,594,49,72,27,201,72,87,56,20,51,76,409,541,1159,166,85,181,200,116,988,27,171,89,116,73,246,53,81,1897,20,20,42,120,372,140,125,47,261,157,20,126,296,170,20,174,33,119,49,20,68,125,37,43,MED
20,908,20,67,60,305,80,118,20,173,73,339,81,63,90,34,654,1025,67,233,40,60,93,382,173,109,20,292,214,124,51,276,42,20,595,82,142,221,216,24,51,159,73,99,34,109,267,20,126,20,79,23,20,35,129,86,20,29,75,86,38,63,71,440,20,88,121,24,178,870,39,1479,140,60,296,176,35,545,246,714,219,249,52,213,52,147,60,20,57,168,197,20,344,157,725,235,100,38,563,31,27,29,95,73,106,46,20,65,46,899,1023,1108,178,105,305,186,53,957,23,162,97,145,77,209,44,25,3658,20,20,46,66,246,1289,119,87,72,125,20,102,176,73,71,152,45,188,46,20,66,55,20,34,MED
21,699,28,82,237,235,114,83,20,45,82,235,99,132,94,55,223,1224,151,353,47,102,51,332,172,193,50,301,232,554,49,312,70,20,371,99,147,372,296,52,37,215,79,113,24,65,260,20,227,21,64,47,20,83,136,158,20,20,71,109,25,95,129,165,28,149,101,33,222,796,28,1182,108,99,270,207,41,1164,80,624,173,85,72,67,71,140,113,28,46,178,160,20,213,141,1423,95,107,84,238,40,72,20,114,98,100,53,20,72,226,233,531,740,183,133,219,299,54,805,47,205,154,91,110,91,47,37,1694,20,20,47,85,230,511,132,56,191,139,20,160,312,125,20,146,41,67,77,20,63,75,22,39,MED
22,964,20,95,39,335,97,20,20,76,69,929,71,112,105,20,1940,1104,71,222,48,105,89,46,83,81,20,259,216,203,62,321,33,20,368,108,246,231,192,22,53,110,88,90,29,74,297,20,206,20,67,20,20,22,113,209,20,20,34,90,51,85,88,770,32,36,46,20,315,1047,36,957,94,61,278,165,54,371,275,291,112,269,38,29,40,338,109,20,20,207,88,20,160,184,2104,249,62,37,190,28,20,20,64,61,114,42,20,60,22,597,824,1443,215,59,28,222,37,1527,23,137,35,63,47,179,39,20,2392,20,20,59,35,200,1068,144,30,71,53,20,201,170,104,28,97,42,99,33,20,85,35,20,51,MED
23,732,20,78,91,287,117,20,20,118,70,362,20,75,107,44,435,683,64,161,40,94,73,32,391,43,31,413,162,145,25,130,58,20,307,28,125,300,199,33,31,137,69,72,32,240,285,20,183,20,21,20,23,51,193,85,20,20,91,133,45,191,89,305,20,25,52,20,120,422,31,1008,106,80,349,244,36,353,236,390,70,106,38,54,39,135,109,20,20,280,109,20,169,133,683,75,26,42,452,20,40,20,92,68,51,71,43,46,45,1000,699,808,140,25,20,181,67,1310,20,177,197,20,52,123,50,20,2657,20,24,67,66,181,797,126,34,71,65,20,85,60,91,20,194,45,73,31,20,39,56,20,42,MED
24,830,20,130,107,405,86,41,20,126,96,37,20,46,32,40,1190,470,85,195,39,79,81,24,297,22,20,362,110,129,22,138,62,20,585,142,113,368,79,20,48,66,54,105,33,29,265,20,90,20,46,30,24,29,44,20,81,20,45,146,43,109,83,92,20,49,59,20,101,458,32,435,161,69,169,222,20,20,120,84,172,69,20,23,65,249,121,20,20,520,20,20,171,135,1001,114,46,96,49,20,20,20,95,57,54,73,20,20,42,174,222,945,90,53,20,116,60,964,60,135,45,20,20,79,35,20,1446,20,27,70,20,105,525,186,20,26,50,20,170,80,105,20,71,35,25,21,260,86,21,20,20,MED
25,1093,20,153,123,319,106,20,20,32,94,281,130,69,148,45,104,1005,61,285,33,44,80,636,20,37,86,376,250,206,55,169,59,20,102,136,111,252,143,30,42,80,40,94,20,174,249,20,187,20,20,42,33,33,163,103,20,20,30,116,20,99,20,90,75,25,80,20,152,357,22,569,86,75,415,228,55,126,96,171,20,45,45,28,20,383,66,20,20,280,79,20,110,200,2697,205,20,20,82,20,32,20,78,105,139,31,20,20,105,201,445,861,139,88,113,173,46,998,20,130,124,73,20,67,48,20,1171,20,21,41,20,179,524,138,28,105,20,20,123,69,65,20,82,49,22,62,20,80,47,20,20,MED
26,515,23,115,198,167,140,116,20,118,107,189,179,140,35,25,732,1040,90,287,86,151,62,253,85,259,39,264,297,804,72,231,86,20,304,106,122,429,169,59,61,282,104,257,75,66,190,80,205,46,85,20,52,69,148,252,67,20,115,109,42,55,195,372,66,120,56,32,259,825,43,831,175,85,173,250,35,695,137,456,284,178,242,25,100,97,28,20,53,153,74,20,158,95,1349,167,136,142,455,63,160,56,204,134,80,67,20,86,166,686,543,981,278,72,122,198,100,1017,48,134,102,179,70,142,52,77,1849,30,20,45,111,303,592,132,66,260,141,39,179,357,153,20,68,36,77,66,32,77,137,32,48,MED
27,634,27,141,276,306,147,100,20,82,100,126,54,161,51,28,874,468,71,290,45,98,64,305,170,213,84,312,135,281,80,183,50,34,175,108,179,409,275,27,38,94,108,66,42,135,253,20,255,20,88,20,26,33,148,77,20,20,77,117,45,78,57,1328,22,51,20,49,186,488,49,1030,641,125,65,264,20,1571,245,179,188,233,43,51,32,111,31,20,40,146,37,20,210,151,1326,61,20,77,842,20,21,20,147,48,85,32,20,48,43,126,261,378,109,48,274,137,38,209,20,764,54,60,62,308,56,116,2549,20,20,81,205,234,196,148,76,203,164,20,20,88,110,34,48,27,690,84,20,71,187,20,26,MED
28,534,20,154,67,239,148,52,20,243,118,281,130,118,80,57,583,836,157,182,65,160,100,323,102,165,80,244,202,95,46,145,78,20,206,131,114,437,212,69,53,198,53,205,36,92,247,20,160,35,147,20,51,123,192,45,20,20,79,131,45,80,163,657,20,43,47,31,219,512,74,927,297,66,224,309,30,1472,306,86,188,246,107,20,58,74,70,20,68,204,35,20,255,146,296,107,170,66,910,64,80,66,320,83,76,41,20,92,25,582,525,626,152,111,176,171,91,816,20,326,306,74,76,308,58,76,2033,20,20,51,233,285,276,140,53,122,242,23,49,129,191,20,174,35,287,71,20,71,68,75,52,MED
29,830,20,104,231,195,113,122,20,129,105,280,44,158,73,48,234,966,89,205,47,122,90,327,104,227,95,302,372,389,59,242,127,20,399,133,163,341,152,36,61,133,77,108,40,105,274,28,117,20,72,20,20,62,153,146,20,20,62,112,28,64,97,200,33,100,88,20,196,918,56,996,152,56,387,336,29,1052,146,193,71,95,109,43,104,283,64,20,75,207,101,20,238,158,2619,207,82,82,164,60,51,49,127,38,86,50,20,61,114,534,488,1102,193,157,237,155,102,1133,26,222,112,63,97,70,52,68,1976,21,20,54,84,231,561,138,46,158,96,20,216,91,135,20,70,40,96,74,20,100,71,27,44,MED
30,467,20,97,65,224,133,112,20,110,164,149,139,88,48,34,286,605,116,220,108,180,73,294,160,168,90,249,271,245,24,262,164,20,247,161,92,538,124,72,79,166,66,273,48,129,263,20,213,42,191,20,49,74,175,57,64,20,86,128,52,66,171,241,47,131,52,34,111,245,57,713,183,90,183,291,62,1574,112,706,200,154,176,41,76,57,52,20,34,219,112,20,192,146,320,120,79,104,578,44,107,93,131,113,84,46,20,71,20,481,446,387,160,154,155,142,117,602,34,267,346,151,53,122,44,91,1031,31,20,63,136,193,393,167,21,263,182,20,131,323,203,20,130,38,130,95,20,90,88,33,40,MED
31,1106,20,88,74,261,139,22,20,25,37,450,20,62,112,47,106,1352,20,231,55,101,36,38,379,154,75,386,205,486,25,182,47,20,526,121,86,298,84,20,38,117,63,84,20,248,244,20,193,20,55,20,20,37,186,178,112,20,42,118,20,208,39,191,23,20,66,20,147,407,31,982,97,87,100,172,20,158,100,355,113,29,58,20,20,190,74,36,20,304,171,20,115,125,923,105,23,79,160,20,42,20,69,82,71,49,53,58,88,133,421,682,162,75,20,168,36,1124,29,48,115,20,35,64,34,20,1021,20,20,68,47,177,543,146,20,57,53,20,95,157,86,20,81,49,26,32,20,55,41,20,26,MED
32,842,20,78,74,248,98,20,20,52,113,185,20,67,81,41,436,1281,112,211,79,103,80,509,74,126,40,409,123,487,45,148,67,20,155,95,140,302,167,54,23,122,36,115,35,404,277,20,175,20,32,20,20,74,95,83,31,20,37,84,61,120,98,121,36,70,86,20,137,541,20,799,65,89,198,145,52,120,50,92,282,71,34,77,60,180,42,20,20,239,218,20,136,177,2100,125,20,62,153,36,33,20,63,74,130,53,77,31,49,116,408,747,114,81,51,253,79,787,49,131,94,122,43,109,38,20,1395,20,27,69,22,166,338,137,20,101,66,20,85,57,102,20,93,44,20,41,20,49,20,20,47,MED
33,573,20,69,143,251,132,130,29,186,130,224,151,120,68,46,189,687,59,202,69,127,67,233,114,251,97,227,449,300,110,275,101,20,590,120,102,657,331,102,66,192,74,221,83,96,232,71,172,81,36,20,35,75,144,36,36,20,102,90,46,59,174,1054,24,141,41,40,189,373,54,1669,265,101,300,255,22,1524,257,57,135,172,197,39,60,91,47,20,68,162,100,20,344,133,593,51,145,133,1249,96,92,45,254,72,53,34,24,100,23,124,357,407,216,131,309,150,101,749,35,567,192,200,163,362,41,101,2190,54,20,51,176,419,80,163,25,361,342,68,76,25,215,20,216,36,308,66,20,77,125,52,42,MED
34,576,20,163,163,325,83,65,20,143,133,220,105,99,30,49,971,626,75,90,122,179,67,416,109,146,107,253,178,79,20,136,82,20,248,140,117,259,168,45,87,145,34,113,44,113,273,20,207,23,67,26,20,60,195,57,20,20,44,134,26,51,43,1114,46,47,50,28,148,620,40,883,209,84,418,314,35,677,289,270,121,143,101,58,67,68,39,20,74,196,101,20,147,159,474,88,72,49,843,22,38,40,70,119,86,41,43,33,20,554,556,699,149,131,112,115,60,1034,20,184,219,20,27,144,56,82,1794,20,20,58,214,116,229,125,61,78,169,20,130,173,41,20,159,49,268,76,20,95,83,29,64,MED
35,696,31,118,202,244,126,88,20,124,126,308,144,209,93,98,458,810,91,252,71,123,72,350,200,153,44,191,214,179,32,200,111,20,357,128,119,360,254,90,66,416,103,197,89,59,229,44,224,49,126,20,23,46,193,174,36,44,72,99,49,46,129,909,20,82,39,29,204,465,46,1243,289,102,320,299,37,212,205,249,131,133,210,131,92,65,39,20,64,157,188,20,174,136,355,125,138,96,1138,75,116,49,276,73,82,58,34,27,122,1060,832,874,191,128,106,89,91,1300,20,144,386,76,91,225,50,96,1980,20,20,52,191,329,335,135,80,147,249,20,68,177,187,24,201,39,262,29,20,82,100,44,59,MED
36,791,26,90,160,228,88,109,25,224,110,443,146,81,59,44,797,1330,100,200,67,110,69,280,86,178,43,245,250,125,29,163,115,20,303,111,90,380,329,64,72,259,96,148,70,76,203,20,241,32,67,20,55,43,172,174,21,21,90,81,43,57,130,1163,29,96,76,25,208,537,47,1463,278,63,385,258,32,841,177,547,69,166,146,31,47,118,72,20,59,136,132,20,237,130,770,123,92,99,1511,41,55,108,220,77,81,58,22,77,20,1142,1004,872,122,164,196,152,73,1307,21,187,268,116,61,255,35,88,2961,20,20,44,180,288,616,142,40,98,243,72,74,176,134,34,109,32,210,38,20,72,75,20,40,MED
37,631,20,100,170,234,102,100,20,384,89,574,176,105,91,47,309,1082,100,215,82,109,64,326,92,163,54,252,216,99,25,182,124,20,339,113,104,401,238,63,66,34,98,277,97,72,226,20,140,22,97,20,20,42,172,28,40,20,99,99,42,102,150,406,34,116,98,25,185,648,57,848,199,87,353,263,47,771,367,135,97,196,129,32,47,141,138,20,75,156,95,20,289,148,607,117,84,115,658,56,53,87,226,96,57,55,20,69,20,577,909,848,210,147,309,217,88,1127,20,209,265,153,66,237,46,86,1584,30,38,53,153,334,404,135,55,119,331,24,106,204,177,31,153,27,175,52,20,74,59,39,42,MED
38,819,20,93,261,212,117,66,20,133,116,155,170,133,65,63,1284,1614,116,427,122,146,71,285,129,229,76,250,328,450,26,267,175,59,496,177,206,369,156,59,89,205,112,137,69,57,216,55,214,50,113,20,41,62,132,82,38,20,78,113,41,54,166,282,20,94,51,32,171,662,51,1087,149,52,159,358,43,354,74,319,178,86,334,30,141,90,38,20,64,188,169,20,178,125,1949,263,63,143,345,164,115,108,100,62,120,49,32,62,87,773,713,1069,222,169,20,159,128,984,20,107,65,93,56,79,80,31,1858,37,20,65,98,127,706,160,46,224,112,20,222,274,116,27,178,47,41,71,20,106,85,20,44,MED
39,751,20,106,244,262,113,53,20,94,125,352,113,149,103,31,527,1094,109,254,65,134,69,340,95,294,66,229,356,504,49,244,75,20,398,115,94,412,106,35,56,218,170,162,50,156,248,20,232,20,50,20,20,23,168,139,20,20,62,117,46,60,113,1174,33,97,48,20,200,1030,38,1150,180,88,258,294,39,822,142,155,72,152,129,27,35,113,63,20,55,153,124,20,162,139,1065,102,66,144,753,44,68,20,142,80,66,76,20,126,72,332,458,786,250,87,126,177,67,1288,20,208,192,188,107,230,48,84,1958,20,20,52,163,334,356,153,48,123,157,20,100,151,172,20,79,39,206,51,20,87,39,20,37,MED
40,183,20,126,115,448,209,20,20,85,129,20,220,62,108,26,251,282,99,190,148,197,123,540,91,124,98,247,73,88,35,203,80,25,184,148,99,186,216,46,72,201,43,110,70,195,380,20,77,20,144,20,20,24,220,24,20,20,34,146,69,46,106,372,110,43,20,20,125,235,34,621,199,53,97,323,71,159,198,296,157,106,96,127,98,43,20,36,35,321,321,20,190,261,182,68,20,58,493,20,38,20,72,117,44,34,20,20,769,47,362,337,92,101,30,69,81,475,20,175,168,20,20,91,71,108,893,27,20,114,149,162,296,201,51,67,48,20,233,203,42,75,100,52,121,113,20,98,53,20,69,MGL
41,250,51,133,73,454,189,20,20,59,131,20,195,155,111,63,78,147,88,173,113,226,110,493,246,137,101,240,207,59,37,413,97,41,212,146,85,328,150,84,76,156,90,156,77,185,359,20,78,21,192,20,20,101,234,20,35,33,57,144,61,55,73,220,98,35,42,20,103,245,37,478,158,62,23,321,62,1162,138,51,351,222,127,184,47,50,28,98,43,244,581,22,180,232,215,71,70,81,282,42,52,20,136,127,33,36,25,68,425,42,214,276,76,74,112,87,143,662,48,20,398,20,48,174,65,86,820,28,25,94,235,190,182,200,82,132,123,20,267,106,202,29,186,49,128,93,20,86,49,38,61,MGL
42,225,58,143,83,475,198,54,20,42,136,20,248,291,89,58,107,22,104,148,114,160,122,538,461,78,48,203,83,89,30,327,60,20,312,147,85,268,759,64,78,117,82,113,82,242,373,20,92,42,206,20,20,77,236,33,63,77,44,128,56,32,85,82,118,40,20,20,91,209,30,287,134,72,50,307,77,852,108,187,236,256,102,306,143,46,20,40,115,328,481,20,122,245,20,94,20,31,149,62,43,20,26,120,22,21,32,20,331,20,159,169,30,68,121,37,186,348,58,199,139,20,31,45,74,98,334,20,20,98,185,193,166,193,60,80,20,20,237,957,179,68,146,52,78,127,350,92,35,20,74,MGL
43,265,73,117,57,375,188,90,20,45,121,38,171,233,132,79,64,159,108,233,107,179,110,416,302,198,123,204,237,64,56,420,115,53,515,129,87,404,167,72,68,265,93,169,117,241,316,20,115,49,209,20,50,147,184,20,35,45,81,133,57,50,134,235,56,152,41,23,146,401,46,365,172,99,64,305,57,1880,159,66,109,218,131,257,92,49,23,99,77,273,438,33,197,197,77,80,211,62,303,45,99,66,163,127,32,26,47,155,569,20,214,309,42,90,320,77,149,447,57,363,485,76,49,198,64,84,923,34,44,77,296,258,141,160,152,249,141,20,174,165,222,20,200,48,165,94,20,95,62,20,60,MGL
44,167,20,133,237,508,172,20,20,50,117,25,203,225,108,52,150,131,86,239,103,183,123,523,156,103,104,210,178,182,37,393,86,36,233,140,95,245,249,65,72,175,81,145,109,242,382,20,91,28,163,20,38,49,214,49,119,55,48,138,66,37,131,138,118,37,20,20,138,192,32,388,142,66,91,327,76,385,145,158,197,209,138,264,130,22,20,63,54,303,493,20,172,205,116,79,42,59,238,20,67,20,68,135,53,27,58,20,784,35,270,486,81,130,20,41,166,382,29,179,118,20,29,133,80,103,660,30,20,103,214,173,366,188,67,100,43,20,260,381,136,138,190,55,68,119,20,98,42,20,70,MGL
45,93,20,150,82,534,176,20,20,61,117,20,224,147,53,35,64,45,115,156,123,186,139,540,148,94,53,246,54,51,20,238,57,20,243,143,94,233,239,85,72,108,37,84,34,214,349,20,100,20,197,20,27,25,253,20,52,88,31,148,64,36,76,292,98,21,22,20,125,154,25,324,187,69,54,360,65,20,161,150,76,82,106,219,70,21,20,44,27,325,656,20,121,259,187,66,20,46,414,20,35,20,60,134,48,46,20,20,315,20,190,177,43,91,47,50,20,249,24,175,30,29,26,57,59,106,439,27,20,95,165,120,197,218,84,54,20,20,217,200,85,22,121,52,109,110,20,103,47,20,66,MGL
46,267,40,148,73,516,172,20,20,34,121,20,174,185,68,85,139,139,139,130,115,185,119,483,403,152,86,219,108,125,20,337,96,73,168,141,82,266,367,97,64,121,80,100,74,202,382,22,163,59,223,20,20,78,237,25,20,167,36,130,61,34,97,148,123,41,20,20,85,128,31,421,165,84,53,346,71,1201,130,117,206,148,131,122,67,20,20,84,54,274,270,20,115,202,20,65,20,44,269,100,55,20,67,118,40,36,20,20,355,20,132,222,51,65,105,69,151,350,63,237,131,20,44,150,78,78,356,20,20,92,299,189,150,182,133,97,30,20,227,369,505,86,156,44,84,113,20,100,27,20,69,MGL
47,452,87,64,123,209,117,84,88,52,98,154,144,513,67,79,38,538,1080,295,76,141,54,290,168,327,138,159,403,41,73,451,205,87,597,100,80,837,148,151,52,217,103,329,84,55,214,28,123,73,254,48,73,216,142,20,135,33,79,96,27,30,317,822,26,355,103,53,64,229,64,545,226,183,158,228,21,2015,465,74,318,327,272,20,78,65,23,194,126,134,292,20,355,130,197,80,319,108,760,36,224,93,320,107,33,22,20,222,224,20,228,607,119,156,721,96,160,667,29,951,502,288,134,370,42,86,1696,37,20,42,569,401,316,102,55,480,328,51,106,20,281,20,275,29,257,65,25,59,149,84,39,RHB
48,275,26,91,138,236,124,146,149,26,112,76,115,221,63,66,44,97,77,303,74,126,53,263,142,219,88,182,591,56,67,590,144,20,688,111,75,903,107,116,57,308,88,323,37,78,204,20,102,98,164,52,58,314,186,20,108,20,112,122,37,29,225,614,20,230,94,38,102,215,73,336,291,194,138,226,33,2582,506,112,295,750,231,20,74,50,20,20,108,111,336,20,412,170,99,36,391,72,848,51,197,85,268,96,23,20,26,415,508,20,145,108,63,130,1132,91,112,201,44,1610,556,437,149,405,37,96,1163,102,20,45,165,497,62,130,45,530,281,69,101,20,197,20,192,36,281,88,20,77,154,93,26,RHB
49,395,35,88,130,226,90,100,108,23,123,165,148,143,52,86,42,222,48,321,97,171,59,227,104,266,136,207,458,48,70,302,160,20,689,111,70,723,96,142,52,282,97,339,40,70,216,39,86,89,274,61,65,286,155,20,83,20,130,104,45,35,233,755,43,412,51,49,109,370,86,396,294,139,114,218,24,2045,600,81,259,542,225,20,74,68,21,20,102,145,41,20,331,165,22,43,323,96,810,68,125,72,397,134,22,20,20,395,20,20,247,211,86,157,924,113,137,342,43,1534,458,285,144,389,28,94,1520,49,20,46,178,472,67,132,20,388,378,89,136,20,340,20,201,36,307,88,20,69,209,108,36,RHB
50,508,22,78,170,185,128,44,74,34,95,172,83,154,75,52,52,651,104,451,80,125,58,268,104,485,192,138,553,50,76,194,241,20,663,102,52,793,96,256,46,394,131,347,101,20,198,20,154,64,155,68,60,213,140,29,20,30,113,94,63,24,257,884,25,394,77,56,132,514,90,629,279,228,164,195,27,2223,630,54,77,341,250,20,67,59,21,20,110,120,94,23,450,133,849,46,186,145,970,79,98,57,285,87,45,20,20,356,20,20,420,455,42,229,881,63,94,500,84,818,630,413,177,390,46,93,1681,49,20,35,180,560,338,99,20,436,397,99,20,20,312,20,85,29,303,55,20,56,228,105,33,RHB
51,515,26,80,61,211,108,165,112,28,99,176,65,164,101,73,45,1245,147,315,35,117,52,240,104,388,88,214,457,27,71,204,157,20,697,90,70,1190,146,143,56,387,119,436,58,156,183,20,104,56,120,48,45,251,189,20,111,20,101,123,38,47,213,972,20,384,56,36,110,390,86,644,302,228,91,235,25,1979,723,50,76,394,189,25,67,63,51,20,96,150,79,20,489,114,666,64,311,110,907,76,135,76,425,79,34,20,20,353,45,20,322,261,58,180,754,130,94,559,31,2096,498,400,186,663,44,75,1929,30,20,38,209,569,98,100,34,786,396,104,42,20,329,20,251,29,283,56,20,85,158,95,27,RHB
52,404,20,73,181,172,109,177,122,20,66,294,77,282,66,111,31,894,426,493,44,115,99,195,101,339,109,159,505,27,64,463,303,45,851,78,74,870,184,180,32,399,216,376,65,33,147,73,132,72,185,117,97,255,116,20,53,20,142,84,20,22,331,941,20,429,127,49,75,295,64,619,284,223,138,234,20,3030,549,81,258,935,221,20,61,77,20,20,130,104,245,20,451,84,252,45,234,137,1039,98,182,101,489,108,24,20,24,403,20,20,411,54,38,291,1029,116,148,307,59,1019,481,289,167,457,31,80,2183,83,20,27,241,577,33,93,25,628,404,90,29,20,292,20,170,24,292,43,87,74,188,100,40,RHB
53,187,137,109,249,207,84,158,174,21,61,78,71,480,94,87,42,716,182,184,75,42,69,291,704,284,168,194,537,27,67,376,130,86,709,103,51,1085,147,166,45,234,169,314,42,208,216,20,139,64,105,112,42,212,156,20,79,20,96,119,31,20,193,960,20,284,100,46,56,299,49,422,312,130,46,284,25,3087,315,37,266,398,176,20,20,55,20,20,143,119,50,156,325,140,109,44,183,79,836,123,73,134,383,121,22,28,20,296,20,20,205,71,37,222,739,74,102,110,20,1717,698,191,129,144,44,96,651,23,103,49,243,577,73,119,23,674,282,67,20,20,306,20,195,25,265,42,66,77,197,45,35,RHB
54,263,20,69,340,218,163,303,24,67,69,20,62,438,147,118,31,132,257,425,43,88,65,241,323,339,129,167,208,49,41,538,198,104,451,91,53,821,433,167,48,308,115,221,45,100,237,27,135,41,196,65,80,145,134,20,68,67,156,89,22,23,93,246,31,189,133,20,71,170,22,352,155,114,108,256,32,2251,150,38,244,579,348,659,96,47,20,20,62,147,710,20,274,119,42,46,128,157,449,130,134,206,366,70,75,25,106,71,280,20,233,75,43,231,154,74,252,305,201,196,676,61,58,390,35,22,517,184,20,30,136,299,103,124,90,688,226,26,133,423,434,125,248,31,94,73,71,55,78,20,41,EPD
55,226,20,73,340,179,108,286,20,111,83,21,20,312,126,187,31,159,372,411,64,73,55,194,254,362,128,169,231,62,50,385,280,104,362,96,65,577,160,142,42,477,183,219,36,105,230,46,135,80,169,95,69,352,92,33,20,134,152,72,42,24,102,237,27,249,190,21,92,261,20,340,113,152,73,231,39,2088,68,39,392,487,356,361,106,35,20,33,57,113,885,45,187,105,29,20,80,185,356,125,120,154,323,86,74,37,78,81,303,20,326,46,56,231,73,87,258,92,96,125,492,55,60,384,25,20,259,158,20,36,159,339,67,116,84,374,306,58,143,244,373,151,168,23,20,78,129,59,100,20,37,EPD
56,288,21,76,264,183,128,202,32,42,85,117,91,324,145,153,37,412,301,403,52,84,50,183,298,322,149,195,387,20,42,570,266,80,477,84,63,706,145,165,44,404,204,246,97,104,171,175,115,82,202,79,68,149,107,20,122,72,155,76,27,35,172,298,29,243,102,30,76,157,33,482,152,98,102,216,32,2107,173,32,363,683,254,553,100,74,22,62,100,104,580,55,350,99,179,70,166,191,565,93,209,298,377,100,40,30,117,171,165,20,364,114,61,231,416,121,233,450,140,337,740,195,73,428,26,51,1032,176,20,34,203,400,110,97,119,611,390,63,106,361,582,130,326,20,63,88,151,52,151,27,32,EPD
57,428,28,75,241,174,98,213,74,25,92,195,80,285,100,111,68,614,362,379,69,99,41,183,383,322,96,149,458,44,64,493,282,33,541,94,67,719,139,188,49,389,271,251,108,64,199,69,110,99,185,70,70,274,130,38,55,47,183,90,26,57,268,630,20,274,113,33,114,252,53,572,227,172,72,201,30,2413,310,63,359,524,263,80,115,80,55,23,101,111,403,20,291,94,275,53,230,149,869,100,201,206,453,23,53,24,109,406,104,20,180,191,102,274,605,108,172,384,172,526,557,221,113,538,29,54,1116,93,20,35,162,431,117,100,50,447,424,75,82,31,395,20,236,23,102,49,97,52,258,100,20,EPD
58,608,20,57,204,134,92,187,108,39,64,372,95,220,94,97,152,694,368,383,53,89,36,138,291,317,99,136,295,69,65,463,342,42,500,78,77,707,170,209,38,426,190,263,111,67,163,93,117,66,201,87,73,239,109,57,72,26,207,75,23,55,236,785,22,210,128,31,129,211,48,773,242,202,98,192,31,2508,360,113,330,351,331,30,111,149,92,27,93,72,504,20,295,68,660,111,119,177,966,86,192,171,483,51,48,34,61,256,165,68,424,434,141,258,458,129,163,544,112,441,302,223,155,498,20,46,1486,74,20,35,176,459,184,92,50,483,535,110,71,151,366,20,231,20,126,45,98,50,239,81,22,EPD
59,381,20,80,330,218,142,177,61,27,83,113,55,292,131,157,35,454,288,417,76,72,70,241,307,338,121,156,208,24,38,469,266,75,490,96,57,611,411,191,52,394,103,303,51,45,191,25,131,63,201,66,52,231,123,20,77,52,129,99,30,25,155,374,20,339,122,26,87,69,31,366,210,127,25,234,32,1818,268,45,343,687,339,655,127,62,20,26,57,170,441,20,113,103,142,34,66,228,467,128,142,243,368,35,81,38,66,60,296,20,143,155,38,262,120,103,220,773,78,239,707,68,96,426,42,20,886,148,20,35,200,296,121,105,108,397,320,21,93,467,537,34,171,27,119,67,123,63,148,20,35,EPD
60,193,26,58,307,146,56,225,113,20,63,64,92,281,100,105,34,504,296,313,63,92,62,277,378,250,158,173,316,24,43,424,290,67,509,65,48,849,322,138,30,413,221,221,70,51,174,98,126,68,162,97,64,252,111,29,57,20,124,100,38,29,139,545,26,163,129,26,63,174,24,518,302,141,80,242,28,1777,179,34,485,404,282,55,82,52,20,24,79,104,579,91,204,161,148,32,131,158,587,122,151,183,308,191,26,37,123,222,20,20,333,176,46,183,306,100,199,285,104,975,769,97,99,330,25,37,1035,112,42,31,147,320,34,98,32,389,249,50,86,20,327,20,274,20,62,64,90,85,160,20,31,EPD
61,329,132,74,265,224,149,321,43,83,90,181,66,381,136,105,197,561,323,342,59,105,48,194,671,362,131,166,323,133,63,622,203,73,515,80,85,740,248,217,41,290,224,147,105,108,170,91,113,84,211,43,64,247,135,66,107,114,162,94,25,36,152,535,20,154,118,40,112,228,39,661,212,135,69,222,33,2091,154,221,421,449,233,454,253,71,28,114,138,132,935,67,268,97,270,86,166,143,756,137,149,164,342,35,51,32,375,162,269,138,415,323,93,234,237,151,249,431,219,297,614,146,118,497,37,71,1322,103,254,38,321,389,222,91,103,473,270,58,126,544,445,229,308,23,119,84,135,53,174,26,20,EPD
62,226,32,61,311,163,118,259,23,20,75,75,92,443,165,157,29,71,166,401,54,70,40,187,550,438,75,182,286,22,67,595,360,38,574,71,74,581,281,141,43,323,403,274,134,101,161,165,92,131,184,60,86,330,128,28,180,87,161,69,27,20,206,533,20,96,108,30,130,369,25,567,156,155,97,189,28,2022,229,29,742,421,272,20,105,23,20,141,102,144,876,20,292,94,70,35,192,128,592,157,180,121,393,85,29,26,237,243,228,20,259,49,63,210,353,179,184,155,146,227,665,218,80,389,38,47,928,137,28,36,382,463,121,104,113,529,457,74,104,288,579,89,294,20,55,42,111,52,120,20,32,EPD
63,287,146,57,229,175,95,190,59,33,58,140,72,427,124,109,51,498,323,306,45,100,41,197,559,327,201,159,463,47,59,503,234,193,586,68,51,659,237,170,35,352,281,222,113,100,174,121,94,114,186,64,65,261,108,22,90,85,178,104,22,30,187,650,24,248,111,28,95,239,38,513,220,162,103,183,25,1885,157,30,513,454,225,78,109,62,23,89,191,85,498,129,239,54,160,36,232,134,658,147,153,205,409,84,32,26,231,330,473,20,289,320,61,170,580,110,205,457,78,645,733,180,141,363,26,52,1029,56,75,31,288,400,158,90,75,527,317,66,73,204,431,102,380,20,88,67,97,62,186,33,26,EPD
64,301,200,60,184,188,107,239,20,52,59,23,98,739,158,141,36,139,75,339,73,113,57,201,976,317,275,162,328,58,72,572,321,113,534,75,62,597,626,221,38,317,298,215,231,125,182,135,67,165,182,45,82,195,115,20,176,196,148,77,21,21,182,457,35,235,97,34,87,389,22,562,158,129,46,202,27,1727,184,26,527,350,302,494,228,22,20,329,186,139,932,158,217,74,38,41,145,111,667,92,141,132,239,63,43,38,202,191,1035,20,254,335,52,219,375,86,295,810,199,157,563,217,86,340,38,55,508,39,152,39,686,512,189,96,151,458,237,39,112,708,198,196,358,20,88,73,20,48,174,20,32,JPA
65,343,243,60,198,195,95,238,27,32,66,31,108,789,178,151,33,173,70,327,58,101,54,200,911,307,285,158,290,44,65,644,302,108,516,75,58,545,678,240,32,418,317,221,253,117,177,155,71,176,183,63,63,213,101,22,146,239,153,70,20,21,123,412,32,181,49,26,89,311,20,526,158,132,34,209,28,1826,184,23,535,301,257,605,266,22,20,365,174,127,992,118,185,81,237,55,123,120,615,156,144,118,297,71,42,31,256,179,872,20,231,352,47,226,246,92,316,893,238,123,602,202,137,293,39,49,470,39,147,39,766,467,190,91,156,366,195,43,114,833,309,164,337,20,62,91,47,46,149,20,35,JPA
66,277,205,66,172,210,118,230,20,40,82,26,129,631,158,146,40,92,92,292,73,142,63,214,857,261,289,194,295,42,59,589,277,119,487,88,67,591,593,199,42,328,265,209,228,157,223,157,92,162,217,41,66,224,112,20,140,192,163,98,24,27,167,430,44,160,81,32,74,267,21,515,167,131,43,239,39,1922,154,37,522,274,255,462,227,28,20,331,166,127,843,118,187,94,128,51,102,107,608,143,135,101,250,123,51,35,257,148,874,20,252,329,66,180,257,84,277,782,194,144,574,164,119,270,40,54,528,37,127,42,656,433,160,108,153,363,184,36,122,657,249,145,339,23,66,98,22,46,146,20,43,JPA
67,256,176,56,188,239,111,231,37,48,69,36,84,919,179,130,38,116,63,317,55,95,59,209,781,254,310,160,390,37,72,612,263,123,649,74,69,574,590,243,40,295,285,173,220,101,213,142,73,137,158,56,73,150,103,24,158,197,128,73,21,25,107,498,32,193,99,26,66,324,26,549,155,127,38,217,27,2371,200,29,567,345,260,630,235,30,20,396,182,115,859,122,204,83,105,33,168,111,593,137,128,117,316,64,49,38,248,176,997,20,268,313,76,229,292,85,253,892,215,166,630,179,108,328,31,24,704,39,120,39,799,467,230,94,185,444,219,35,140,846,294,161,361,20,83,84,52,49,140,20,31,JPA
68,271,242,74,217,251,101,216,20,23,84,55,90,782,181,136,75,304,83,348,66,107,63,235,887,252,239,169,355,74,60,575,232,118,561,88,72,574,630,237,50,298,291,163,233,108,228,160,99,139,147,53,57,163,122,43,165,214,126,78,24,24,147,441,30,163,87,28,80,357,24,600,159,112,51,222,38,2330,195,52,478,300,236,596,220,23,20,314,170,160,858,115,231,113,22,40,136,103,589,125,110,92,171,67,50,36,223,167,1069,20,298,287,64,209,259,85,241,790,209,149,584,150,115,315,39,36,611,41,124,48,641,354,231,108,173,503,180,28,132,737,285,169,337,24,75,86,20,64,125,20,33,JPA
69,228,205,63,198,272,121,248,20,28,81,20,106,813,174,145,33,50,93,315,61,104,48,236,887,300,246,178,363,34,53,532,237,122,573,69,54,599,668,209,37,317,311,187,200,164,216,143,74,146,150,47,64,233,107,20,142,248,133,76,28,21,118,466,34,167,79,32,78,329,22,492,156,106,54,209,36,2257,187,38,572,330,273,567,236,20,20,293,197,141,826,122,204,93,54,31,82,87,548,130,114,83,247,99,43,33,246,181,896,20,247,269,69,141,263,72,303,618,182,121,669,181,164,336,37,39,563,45,145,54,737,402,146,94,187,392,179,50,162,797,356,191,371,20,65,118,48,45,108,20,39,JPA
